epoch,accuracy,learning_rate,loss,precision,recall,val_accuracy,val_loss,val_precision,val_recall
0,0.8845023512840271,0.0006999901379458606,0.25562581419944763,0.7793830633163452,0.6918544173240662,0.9288437366485596,0.18479087948799133,0.8075949549674988,0.8985915780067444
1,0.9275557994842529,0.0006999901379458606,0.178116112947464,0.8263314366340637,0.8658578991889954,0.9358322620391846,0.169195294380188,0.8413978219032288,0.8816901445388794
2,0.9374056458473206,0.0006999901379458606,0.1568640023469925,0.8541033267974854,0.8766031265258789,0.9402795433998108,0.16822552680969238,0.8287153840065002,0.9267605543136597
3,0.9457463026046753,0.0006999901379458606,0.13470037281513214,0.8801795840263367,0.8835355043411255,0.9358322620391846,0.16421477496623993,0.8469945192337036,0.8732394576072693
4,0.956549346446991,0.0006999901379458606,0.11368659883737564,0.9084556102752686,0.9012131690979004,0.9351969361305237,0.1776704639196396,0.8409703373908997,0.8788732290267944
5,0.9645722508430481,0.0006999901379458606,0.09544799476861954,0.9259517788887024,0.9188908338546753,0.9313849806785583,0.19925659894943237,0.8421052694320679,0.8563380241394043
6,0.9730717539787292,0.0006999901379458606,0.07413866370916367,0.9429366588592529,0.9393414258956909,0.9326556324958801,0.25457054376602173,0.8120300769805908,0.9126760363578796
7,0.9801414012908936,0.0003499950689729303,0.05807778611779213,0.960503339767456,0.9525129795074463,0.9313849806785583,0.2529548108577728,0.8328840732574463,0.8704225420951843
